created_at,revenue_stage,company_size_category,employee_count,apollo_industry,industry,company_age_years,apollo_id,updated_at,apollo_technologies,funding_status,profile_text,total_funding_usd,company_name,founded_year,company_key,headquarters_location,linkedin_url,enrichment_sources,website_url,description,web_content,web_crawled_at
2025-09-06T18:04:03.183009,Mature,Large,750,,"E-Learning, EdTech, Education, Higher Education, Video on Demand",14,6561b3799ec5b101679ada1b,2025-09-06T18:04:03.183026,[],Late Stage Venture,"Descomplica E-Learning, EdTech, Education, Higher Education, Video on Demand Descomplica is a provider of an online educational platform designed to prepare students for college entrance exams. Rio De Janeiro, Rio de Janeiro, Brazil Descomplica: Cursinho para Enem, Faculdade e P√≥s Digital

# Cursinho Enem e Pr√©-Vestibular

## 14 ANOS DESCO:   DESCONT√ÉO DE ANIVERS√ÅRIO

R$60 OFF com o cupom **NIVER60**Estude s√≥ o que importa e chegue mais confiante no Enem. Aqui voc√™ encontra aulas, cronogramas e materiais focados no que mais cai na prova. E, se quiser ir al√©m, adicione o plano _Reda√ß√£o em 4 semanas_ com conte√∫dos valiosos para te aproximar da nota 1000.

At√© o Enem:

63d 22h 55m 48s

Combo de lan√ßamento!Direto ao Ponto

R$60",130613111,Descomplica,2011,company_003,"Rio De Janeiro, Rio de Janeiro, Brazil",https://www.linkedin.com/company/descomplica/,"['apollo', 'firecrawl']",http://www.descomplica.com.br,Descomplica is a provider of an online educational platform designed to prepare students for college entrance exams.,"Descomplica: Cursinho para Enem, Faculdade e P√≥s Digital

# Cursinho Enem e Pr√©-Vestibular

## 14 ANOS DESCO:   DESCONT√ÉO DE ANIVERS√ÅRIO

R$60 OFF com o cupom **NIVER60**Estude s√≥ o que importa e chegue mais confiante no Enem. Aqui voc√™ encontra aulas, cronogramas e materiais focados no que mais cai na prova. E, se quiser ir al√©m, adicione o plano _Reda√ß√£o em 4 semanas_ com conte√∫dos valiosos para te aproximar da nota 1000.

At√© o Enem:

63d 22h 55m 48s

Combo de lan√ßamento!Direto ao Ponto

R$60 OFF com o cupom NIVER60

### Direto ao Ponto + Reda√ß√£o em 4 semanas

12x
R$37,80


[Comece Agora](https://checkout.descomplica.com.br/?planId=MTU1MjE5MjA1Njk%3D&channel=wcenemhero&cat=vestibulares&sc=1)

30 corre√ß√µes de reda√ß√£o

Voc√™ ter√° 5 corre√ß√µes por m√™s e mais 10 corre√ß√µes extras do plano Reda√ß√£o em 4 semanas.![](https://d3awytnmmfk53d.cloudfront.net/landings-uee/a0f4d3c60fc705ec8a9399774d16cd79ff490878/dcc0b73e7e85a1351952f59b11035acd/tooltip-arrow.svg)

Aulas ao vivo de atualidades

Assistente de Estudos IA

Comunidade exclusiva no WhatsApp

Encontro de an√°lise de reda√ß√µes

Reda√ß√µes reais de nossos alunos analisadas pela Prof. Bruna Basille, em conjunto com a comunidade de alunos, com dicas pr√°ticas para voc√™ entender onde melhorar.![](https://d3awytnmmfk53d.cloudfront.net/landings-uee/a0f4d3c60fc705ec8a9399774d16cd79ff490878/dcc0b73e7e85a1351952f59b11035acd/tooltip-arrow.svg)

Aulas de repert√≥rio para reda√ß√£o

10 aulas de diferentes eixos tem√°ticos que te deixar√° preparado para encarar os principais poss√≠veis assuntos da reda√ß√£o do Enem.![](https://d3awytnmmfk53d.cloudfront.net/landings-uee/a0f4d3c60fc705ec8a9399774d16cd79ff490878/dcc0b73e7e85a1351952f59b11035acd/tooltip-arrow.svg)

B√îNUS: 3 apostilas preparat√≥rias

Ganhe: Apostila Exerc√≠cio Todo Dia, Apostila Direto ao Ponto e Apostila Reda√ß√£o Todo Dia.![](https://d3awytnmmfk53d.cloudfront.net/landings-uee/a0f4d3c60fc705ec8a9399774d16cd79ff490878/dcc0b73e7e85a1351952f59b11035acd/tooltip-arrow.svg)

B√îNUS: Mentoria do 800 ao 1000

Uma mentoria com 10 aulas especiais pra quem ainda est√° na faixa dos 800 de nota e quer atingir o 900/1000.![](https://d3awytnmmfk53d.cloudfront.net/landings-uee/a0f4d3c60fc705ec8a9399774d16cd79ff490878/dcc0b73e7e85a1351952f59b11035acd/tooltip-arrow.svg)

CURSINHO ENEM

![](https://dp828as6rrq5m.cloudfront.net/wp-content/uploads/2024/11/01171236/separator.svg)

PREPARA√á√ÉO ESPECIAL PARA O ENEM

![](https://dp828as6rrq5m.cloudfront.net/wp-content/uploads/2024/11/01171236/separator.svg)

ASSISTENTE DE ESTUDOS

![](https://dp828as6rrq5m.cloudfront.net/wp-content/uploads/2024/11/01171236/separator.svg)

AN√ÅLISE DE REDA√á√ïES

![](https://dp828as6rrq5m.cloudfront.net/wp-content/uploads/2024/11/01171236/separator.svg)

REVIS√ÉO MENSAL (MONITORIAS)

![](https://dp828as6rrq5m.cloudfront.net/wp-content/uploads/2024/11/01171236/separator.svg)

COMUNIDADE NO WHATSAPP

![](https://dp828as6rrq5m.cloudfront.net/wp-content/uploads/2024/11/01171236/separator.svg)

CURSINHO ENEM

![](https://dp828as6rrq5m.cloudfront.net/wp-content/uploads/2024/11/01171236/separator.svg)

PREPARA√á√ÉO ESPECIAL PARA O ENEM

![](https://dp828as6rrq5m.cloudfront.net/wp-content/uploads/2024/11/01171236/separator.svg)

ASSISTENTE DE ESTUDOS

![](https://dp828as6rrq5m.cloudfront.net/wp-content/uploads/2024/11/01171236/separator.svg)

AN√ÅLISE DE REDA√á√ïES

![](https://dp828as6rrq5m.cloudfront.net/wp-content/uploads/2024/11/01171236/separator.svg)

REVIS√ÉO MENSAL (MONITORIAS)

![](https://dp828as6rrq5m.cloudfront.net/wp-content/uploads/2024/11/01171236/separator.svg)

COMUNIDADE NO WHATSAPP

![](https://dp828as6rrq5m.cloudfront.net/wp-content/uploads/2024/11/01171236/separator.svg)

CURSINHO ENEM

![](https://dp828as6rrq5m.cloudfront.net/wp-content/uploads/2024/11/01171236/separator.svg)

PREPARA√á√ÉO ESPECIAL PARA O ENEM

![](https://dp828as6rrq5m.cloudfront.net/wp-content/uploads/2024/11/01171236/separator.svg)

ASSISTENTE DE ESTUDOS

![](https://dp828as6rrq5m.cloudfront.net/wp-content/uploads/2024/11/01171236/separator.svg)

AN√ÅLISE DE REDA√á√ïES

![](https://dp828as6rrq5m.cloudfront.net/wp-content/uploads/2024/11/01171236/separator.svg)

REVIS√ÉO MENSAL (MONITORIAS)

![](https://dp828as6rrq5m.cloudfront.net/wp-content/uploads/2024/11/01171236/separator.svg)

COMUNIDADE NO WHATSAPP

![](https://dp828as6rrq5m.cloudfront.net/wp-content/uploads/2024/11/01171236/separator.svg)

## NOVIDADE! Direto ao Ponto + Reda√ß√£o em 4 semanas

Direto ao PontoReda√ß√£o em 4 semanas

O curso Direto ao Ponto te oferece uma prepara√ß√£o em 3 meses para o Enem. Voc√™ precisa de conte√∫do, dire√ß√£o e estrat√©gia nessa reta final e esse √© o plano que foca no que realmente importa. E mais: assine o combo Direto ao Ponto + Reda√ß√£o e garanta uma prepara√ß√£o completa na prova objetiva e na reda√ß√£o do Enem 2025.

![](https://dp828as6rrq5m.cloudfront.net/wp-content/uploads/2025/08/01144555/frame-427318672.svg)

S√≥ o que cai no Enem

Estude com foco no que realmente importa. Cronograma com os temas mais cobrados, revis√µes mensais (monitorias), comunidade de alunos e muito mais!

![](https://dp828as6rrq5m.cloudfront.net/wp-content/uploads/2025/08/01144607/frame-47553.svg)

Aprenda com estrat√©gia

Exerc√≠cios com gabarito, simulados no modelo Enem, an√°lises de reda√ß√£o e orienta√ß√µes pr√°ticas pra entender o que fazer a cada semana.

![](https://dp828as6rrq5m.cloudfront.net/wp-content/uploads/2025/08/01144618/frame-47555-5.svg)

+B√îNUS: Apostilas preparat√≥rias

Estat√≠sticas e exerc√≠cios estrat√©gicos. Apostilas com o que mais caiu no Enem, quest√µes di√°rias por √°rea e coment√°rios que ensinam como pensar como a prova.

![](https://dp828as6rrq5m.cloudfront.net/wp-content/uploads/2025/08/01144527/img2-2-1.webp)

### Sua aprova√ß√£o por menos de R$1 por dia!

PLANO B√ÅSICO

### Enem Top

\+ Reda√ß√£o em 4 semanas

+R$8/m√™s

12x
R$25,90

[Comece Agora](https://checkout.descomplica.com.br/?planId=MTU1MDE5OTMwNDk%3D&channel=wcenemplanos&cat=vestibulares&sc=1)

**Principais recursos:**

5 corre√ß√µes de reda√ß√£o/m√™s

Biblioteca com mais de 2 mil aulas

Plano de estudos do zero at√© o Enem

Simulado semanal

Guia de organiza√ß√£o e planejamento

Aulas ao vivo de atualidades

12 meses de acesso

Mais de 10 mil exerc√≠cios na plataforma

PLANO B√ÅSICO

### Enem Top

12x
R$25,90

![](https://d3awytnmmfk53d.cloudfront.net/landings-uee/a0f4d3c60fc705ec8a9399774d16cd79ff490878/338a43f0d8356b3de0db5d7b4b4e6021/icone-circle-chevron.svg)

\+ Reda√ß√£o em 4 semanas

+R$8/m√™s

12x
R$25,90

[Comece Agora](https://checkout.descomplica.com.br/?planId=MTU1MDE5OTMwNDk%3D&channel=wcenemplanos&cat=vestibulares&sc=1)

**Principais recursos:**

5 corre√ß√µes de reda√ß√£o/m√™s

Biblioteca com mais de 2 mil aulas

Plano de estudos do zero at√© o Enem

Simulado semanal

Guia de organiza√ß√£o e planejamento

Aulas ao vivo de atualidades

12 meses de acesso

Mais de 10 mil exerc√≠cios na plataforma

A MELHOR ESCOLHA

### Direto ao Ponto

\+ Reda√ß√£o em 4 semanas

+R$8/m√™s

12x
R$29,90

[Comece Agora](https://checkout.descomplica.com.br/?planId=MTU1MjAxNzY0MDA%3D&channel=wcenemplanos&cat=vestibulares&sc=1)

**Principais recursos:**

5 corre√ß√µes de reda√ß√£o/m√™s

An√°lise de Reda√ß√µes

Comunidade exclusiva no Whatsapp

Plano de performance

Plano de estudo com o que mais cai

Simulados modelo Enem

Monitorias Mensais

Aulas ao vivo de atualidades

+10 mil exerc√≠cios sobre todos os temas

4 meses de acesso

Biblioteca de aulas para revisar

B√¥nus: Apostila Direto ao Ponto

B√¥nus: Apostila Exerc√≠cio Todo Dia

A MELHOR ESCOLHA

### Direto ao Ponto

12x
R$29,90

![](https://d3awytnmmfk53d.cloudfront.net/landings-uee/a0f4d3c60fc705ec8a9399774d16cd79ff490878/338a43f0d8356b3de0db5d7b4b4e6021/icone-circle-chevron.svg)

\+ Reda√ß√£o em 4 semanas

+R$8/m√™s

12x
R$29,90

[Comece Agora](https://checkout.descomplica.com.br/?planId=MTU1MjAxNzY0MDA%3D&channel=wcenemplanos&cat=vestibulares&sc=1)

**Principais recursos:**

5 corre√ß√µes de reda√ß√£o/m√™s

An√°lise de Reda√ß√µes

Comunidade exclusiva no Whatsapp

Plano de performance

Plano de estudo com o que mais cai

Simulados modelo Enem

Monitorias Mensais

Aulas ao vivo de atualidades

+10 mil exerc√≠cios sobre todos os temas

4 meses de acesso

Biblioteca de aulas para revisar

B√¥nus: Apostila Direto ao Ponto

B√¥nus: Apostila Exerc√≠cio Todo Dia

PLANO MEDICINA

### Intensivo Medicina

\+ Reda√ß√£o em 4 semanas

+R$8/m√™s

12x
R$32,90

[Comece Agora](https://checkout.descomplica.com.br/?planId=MTU0NjgxNDU2NDE%3D&channel=wcenemplanos&cat=vestibulares&sc=1)

**Tudo inclu√≠do no Enem Top, mais:**

10 corre√ß√µes de reda√ß√£o/m√™s

Assistente de estudos (IA)

Aulas extras de Bio, F√≠s, Qu√≠ e Reda√ß√£o

Mentoria Semanal de Performance

An√°lise de tema de reda√ß√£o

Cursos voltados para faculdades regionais

6 meses de acesso

Monitorias mensais

PLANO MEDICINA

### Intensivo Medicina

12x
R$32,90

![](https://d3awytnmmfk53d.cloudfront.net/landings-uee/a0f4d3c60fc705ec8a9399774d16cd79ff490878/338a43f0d8356b3de0db5d7b4b4e6021/icone-circle-chevron.svg)

\+ Reda√ß√£o em 4 semanas

+R$8/m√™s

12x
R$32,90

[Comece Agora](https://checkout.descomplica.com.br/?planId=MTU0NjgxNDU2NDE%3D&channel=wcenemplanos&cat=vestibulares&sc=1)

**Tudo inclu√≠do no Enem Top, mais:**

10 corre√ß√µes de reda√ß√£o/m√™s

Assistente de estudos (IA)

Aulas extras de Bio, F√≠s, Qu√≠ e Reda√ß√£o

Mentoria Semanal de Performance

An√°lise de tema de reda√ß√£o

Cursos voltados para faculdades regionais

6 meses de acesso

Monitorias mensais

**Pague com Pix, cr√©dito ou boleto. 10% OFF no pix e 5% OFF no cart√£o de cr√©dito √† vista.**

N√£o curtiu? Sem estresse: 7 dias pra cancelar.

![](https://d3awytnmmfk53d.cloudfront.net/landings-uee/a0f4d3c60fc705ec8a9399774d16cd79ff490878/77d2a0c3db10a14a8c124c7d17977497/thank-you-form-image.svg)

CURSINHO ENEM

![](https://dp828as6rrq5m.cloudfront.net/wp-content/uploads/2024/11/01171236/separator.svg)

PREPARA√á√ÉO COMPLETA PARA 2025

![](https://dp828as6rrq5m.cloudfront.net/wp-content/uploads/2024/11/01171236/separator.svg)

ASSISTENTES DE ESTUDOS PERSONALIZADOS

![](https://dp828as6rrq5m.cloudfront.net/wp-content/uploads/2024/11/01171236/separator.svg)

CURSINHO ENEM

![](https://dp828as6rrq5m.cloudfront.net/wp-content/uploads/2024/11/01171236/separator.svg)

PREPARA√á√ÉO COMPLETA PARA 2025

![](https://dp828as6rrq5m.cloudfront.net/wp-content/uploads/2024/11/01171236/separator.svg)

ASSISTENTES DE ESTUDOS PERSONALIZADOS

![](https://dp828as6rrq5m.cloudfront.net/wp-content/uploads/2024/11/01171236/separator.svg)

CURSINHO ENEM

![](https://dp828as6rrq5m.cloudfront.net/wp-content/uploads/2024/11/01171236/separator.svg)

PREPARA√á√ÉO COMPLETA PARA 2025

![](https://dp828as6rrq5m.cloudfront.net/wp-content/uploads/2024/11/01171236/separator.svg)

ASSISTENTES DE ESTUDOS PERSONALIZADOS

![](https://dp828as6rrq5m.cloudfront.net/wp-content/uploads/2024/11/01171236/separator.svg)

CURSINHO ENEM

![](https://dp828as6rrq5m.cloudfront.net/wp-content/uploads/2024/11/01171236/separator.svg)

PREPARA√á√ÉO COMPLETA PARA 2025

![](https://dp828as6rrq5m.cloudfront.net/wp-content/uploads/2024/11/01171236/separator.svg)

ASSISTENTES DE ESTUDOS PERSONALIZADOS

![](https://dp828as6rrq5m.cloudfront.net/wp-content/uploads/2024/11/01171236/separator.svg)

CURSINHO ENEM

![](https://dp828as6rrq5m.cloudfront.net/wp-content/uploads/2024/11/01171236/separator.svg)

PREPARA√á√ÉO COMPLETA PARA 2025

![](https://dp828as6rrq5m.cloudfront.net/wp-content/uploads/2024/11/01171236/separator.svg)

ASSISTENTES DE ESTUDOS PERSONALIZADOS

![](https://dp828as6rrq5m.cloudfront.net/wp-content/uploads/2024/11/01171236/separator.svg)

CURSINHO ENEM

![](https://dp828as6rrq5m.cloudfront.net/wp-content/uploads/2024/11/01171236/separator.svg)

PREPARA√á√ÉO COMPLETA PARA 2025

![](https://dp828as6rrq5m.cloudfront.net/wp-content/uploads/2024/11/01171236/separator.svg)

ASSISTENTES DE ESTUDOS PERSONALIZADOS

![](https://dp828as6rrq5m.cloudfront.net/wp-content/uploads/2024/11/01171236/separator.svg)

CURSINHO ENEM

![](https://dp828as6rrq5m.cloudfront.net/wp-content/uploads/2024/11/01171236/separator.svg)

PREPARA√á√ÉO COMPLETA PARA 2025

![](https://dp828as6rrq5m.cloudfront.net/wp-content/uploads/2024/11/01171236/separator.svg)

ASSISTENTES DE ESTUDOS PERSONALIZADOS

![](https://dp828as6rrq5m.cloudfront.net/wp-content/uploads/2024/11/01171236/separator.svg)

## Alguns aprovados em 2025

Previous

![Maria Eduarda Sousa](https://dp828as6rrq5m.cloudfront.net/wp-content/uploads/2025/01/04143031/img-61.webp)

**Maria Eduarda Sousa**
Aprovada em Medicina pela UFMG

![Ana Felizarda](https://dp828as6rrq5m.cloudfront.net/wp-content/uploads/2025/01/04143142/img-57.webp)

**Ana Felizarda**
Aprovada em Medicina pela UFG

![Giovanna Araujo](https://dp828as6rrq5m.cloudfront.net/wp-content/uploads/2025/01/04145459/img-60.webp)

**Giovanna Araujo**
Aprovada em Medicina pela UFRR

![Layla Santana](https://dp828as6rrq5m.cloudfront.net/wp-content/uploads/2025/01/04145627/img-13.webp)

**Layla Santana**
Aprovada em Medicina pela UEMS

![Luiz de Melo](https://dp828as6rrq5m.cloudfront.net/wp-content/uploads/2025/01/04145717/img-15.webp)

**Luiz de Melo**
Aprovado em Medicina pela UNINASSAU

![Lara Belvis](https://dp828as6rrq5m.cloudfront.net/wp-content/uploads/2025/01/04145807/img-17.webp)

**Lara Belvis**
Aprovada em Medicina pela UNIPAR

![Amanda Ramos](https://dp828as6rrq5m.cloudfront.net/wp-content/uploads/2025/01/04145844/img-47.webp)

**Amanda Ramos**
Aprovada em Medicina pela UNIRIO

![Guilherme Paiva](https://dp828as6rrq5m.cloudfront.net/wp-content/uploads/2025/01/04145939/img-48.webp)

**Guilherme Paiva**
Aprovado em Medicina pela UNIRIO

![Bruno Amaral](https://dp828as6rrq5m.cloudfront.net/wp-content/uploads/2025/01/04150039/img-11.webp)

**Bruno Amaral**
Aprovado em Direito pela PUC

![Jullia Milanez](https://dp828as6rrq5m.cloudfront.net/wp-content/uploads/2025/01/04150153/img-12.webp)

**Jullia Milanez**
Aprovada em Engenharia Civil pela UFPR

![Maria Freitas](https://dp828as6rrq5m.cloudfront.net/wp-content/uploads/2025/01/04150249/img-14.webp)

**Maria Freitas**
Aprovada em Audiovisual pela USP

![Raphaela Santoro](https://dp828as6rrq5m.cloudfront.net/wp-content/uploads/2025/01/04150357/img-16.webp)

**Raphaela Santoro**
Aprovada em Educa√ß√£o F√≠sica pela UFRRJ

![Tom√°s Morais](https://dp828as6rrq5m.cloudfront.net/wp-content/uploads/2025/01/04150517/img-40.webp)

**Tom√°s Morais**
Aprovado em Engenharia de Software pela UTFPR

![Kailane Cruz](https://dp828as6rrq5m.cloudfront.net/wp-content/uploads/2025/01/04150612/img-34.webp)

**Kailane Cruz**
Aprovada em Enfermagem pela UFRJ

![Nicole Sotero](https://dp828as6rrq5m.cloudfront.net/wp-content/uploads/2025/01/04150733/img-39.webp)

**Nicole Sotero**
Aprovada em Farm√°cia pela UFS

![Juan Prado](https://dp828as6rrq5m.cloudfront.net/wp-content/uploads/2025/01/04150829/img-35.webp)

**Juan Prado**
Aprovado em Engenharia Agr√≠cola pela USP, UNICAMP e UFMG

![Juliana Carvalho](https://dp828as6rrq5m.cloudfront.net/wp-content/uploads/2025/01/04150916/img-36.webp)

**Juliana Carvalho**
Aprovada em Farm√°cia pela UNICAMP

![Gabriela Campos](https://dp828as6rrq5m.cloudfront.net/wp-content/uploads/2025/01/04151136/img-37.webp)

**Gabriela Campos**
Aprovada em Matem√°tica pela UFF

![Renata Feitosa](https://dp828as6rrq5m.cloudfront.net/wp-content/uploads/2025/01/04151219/img-38.webp)

**Renata Feitosa**
Aprovada em Biotecnologia pela UFG

![Gabriella Keles](https://dp828as6rrq5m.cloudfront.net/wp-content/uploads/2025/01/04151255/img-41.webp)

**Gabriella Keles**
Aprovada em Economia pela UFV

![Eduardo Alves](https://dp828as6rrq5m.cloudfront.net/wp-content/uploads/2025/01/04151420/img-42.webp)

**Eduardo Alves**
Aprovado em Engenharia¬† Eletr√¥nica pela UTFPR e UFSC

![Sofia Rezende](https://dp828as6rrq5m.cloudfront.net/wp-content/uploads/2025/01/04151725/img-43.webp)

**Sofia Rezende**
Aprovada em Ci√™ncia da Computa√ß√£o pela UFSJ

![Mariana Ramos](https://dp828as6rrq5m.cloudfront.net/wp-content/uploads/2025/01/04151804/img-44.webp)

**Mariana Ramos**
Aprovada em Hist√≥ria pela UFS

![Let√≠cia Trindade](https://dp828as6rrq5m.cloudfront.net/wp-content/uploads/2025/01/04151910/img-45.webp)

**Let√≠cia Trindade**
Aprovada em Arquitetura e Urbanismo pela UFMG

![Isabelle Farias](https://dp828as6rrq5m.cloudfront.net/wp-content/uploads/2025/01/04152109/img-46.webp)

**Isabelle Farias**
Aprovada em Engenharia Civil pela IFAM e em Ci√™ncias Sociais pela UFAM

![Luiz Gomes](https://dp828as6rrq5m.cloudfront.net/wp-content/uploads/2025/01/04152201/img-49.webp)

**Luiz Gomes**
Aprovado em Enfermagem pela UFSM

![J√∫lia Ferreira](https://dp828as6rrq5m.cloudfront.net/wp-content/uploads/2025/01/04152234/img-50.webp)

**J√∫lia Ferreira**
Aprovada em Engenharia El√©trica pela UFPB

![Let√≠cia Venial](https://dp828as6rrq5m.cloudfront.net/wp-content/uploads/2025/01/04152311/img-51.webp)

**Let√≠cia Venial**
Aprovada em Odontologia pela UFF

![Ana de Souza](https://dp828as6rrq5m.cloudfront.net/wp-content/uploads/2025/01/04152352/img-54.webp)

**Ana de Souza**
Aprovada em Cont√°beis pela UFJF

![Lucas Maronde](https://dp828as6rrq5m.cloudfront.net/wp-content/uploads/2025/01/04152432/img-52.webp)

**Lucas Maronde**
Aprovado em Estat√≠stica pela UFSCAR

![Lorena Pimenta](https://dp828as6rrq5m.cloudfront.net/wp-content/uploads/2025/01/04152531/img-53.webp)

**Lorena Pimenta**
Aprovada em Farm√°cia pela UFES

![Igor Borges](https://dp828as6rrq5m.cloudfront.net/wp-content/uploads/2025/01/04152604/img-55.webp)

**Igor Borges**
Aprovado em Ci√™ncia e Tecnologia pela UFRN

![Rayane Batista](https://dp828as6rrq5m.cloudfront.net/wp-content/uploads/2025/01/04152643/img-56.webp)

**Rayane Batista**
Aprovada em Direito pela UFF

![Leonardo Costa](https://dp828as6rrq5m.cloudfront.net/wp-content/uploads/2025/01/04152724/img-58.webp)

**Leonardo Costa**
Aprovada em Engenharia de Software pela UFERSA

![Ana Clara Souza¬†](https://dp828as6rrq5m.cloudfront.net/wp-content/uploads/2025/01/04152805/img-59.webp)

**Ana Clara Souza**
Aprovada em Psicologia de Software pela UFU

Next

[Junte-se aos aprovados da Desco](https://descomplica.com.br/#Planos)

## Empresas que confiam no nosso m√©todo de ensino

![Logo Ita√∫](https://dp828as6rrq5m.cloudfront.net/wp-content/uploads/2024/08/14144530/itau-1.svg)

![Logo Pwc](https://dp828as6rrq5m.cloudfront.net/wp-content/uploads/2024/08/14144509/pwc-1.svg)

![Logo Assa√≠](https://dp828as6rrq5m.cloudfront.net/wp-content/uploads/2024/08/14144519/assai-1.svg)

![Logo Tim](https://dp828as6rrq5m.cloudfront.net/wp-content/uploads/2024/08/14144512/tim-1.svg)

![Logo Loreal](https://dp828as6rrq5m.cloudfront.net/wp-content/uploads/2024/08/14144523/loreal-1.svg)

![Logo iFood](https://dp828as6rrq5m.cloudfront.net/wp-content/uploads/2024/08/14144504/ifood-1.svg)

![Logo Amazon](https://dp828as6rrq5m.cloudfront.net/wp-content/uploads/2024/08/14144515/amazon-1.svg)

![Logo Natura](https://dp828as6rrq5m.cloudfront.net/wp-content/uploads/2024/08/14144526/natura-1.svg)

## O melhor canal de educa√ß√£o pelo iBest!

O Pr√™mio iBest 2024 cravou: o Descomplica √© Top 3 na categoria ""Canal de Educa√ß√£o"" e foi escolhido pelo J√∫ri da Academia iBest como o melhor do Brasil! üèÖüíö

[Escolher planos](https://descomplica.com.br/#Planos ""Escolher planos"")

![](https://d3awytnmmfk53d.cloudfront.net/landings-uee/a0f4d3c60fc705ec8a9399774d16cd79ff490878/77d2a0c3db10a14a8c124c7d17977497/thank-you-form-image.svg)

## VEM CONHECER A   FACULDADE DIGITAL DESCOMPLICA

Um novo conceito de faculdade digital, gradua√ß√£o e p√≥s com destaque

no MEC e microcertificados que te aceleram pro mercado!

## Gradua√ß√£o EAD

### CERTIFICA√á√ÉO PRO SEU CURR√çCULO A CADA 3 MESES

Inscreva-se agora e ganhe um combo de cursos com certifica√ß√£o pra acelerar sua entrada no mercado!

**Cursos a partir de R$ 159,00/m√™s.**

[Conhecer gradua√ß√µes](https://descomplica.com.br/faculdade/?gti_source=cro_home-integrada&gti_medium=banner_home-ug&gti_campaign=ug_alwayson)

## P√≥s-gradua√ß√£o EAD

### GANHE DESTAQUE NO MERCADO DE TRABALHO

Escolha um curso √∫nico ou compre um combo com at√© 16 especializa√ß√µes para turbinar seu curr√≠culo!

**Cursos a partir de 18x de R$ 59,90.**

[Conhecer p√≥s](https://descomplica.com.br/pos-graduacao/?gti_source=cro_home-integrada&gti_medium=banner_home-pg&gti_campaign=pg_alwayson)

## **Ficou em d√∫vida? Conhe√ßa 6 motivos para estudar com a Descomplica**

Previous

![](https://dp828as6rrq5m.cloudfront.net/wp-content/uploads/2025/08/06164149/img-72.webp)

**Ensino 100% online, do seu jeito**

Aulas curtas, organizadas e direto ao ponto. Voc√™ escolhe onde e quando estudar, com liberdade e uma plataforma intuitiva que se adapta √† sua rotina, do seu jeito.

![](https://dp828as6rrq5m.cloudfront.net/wp-content/uploads/2025/08/06164123/img-70.webp)

**Gradua√ß√£o e p√≥s-gradua√ß√£o reconhecidas pelo MEC**

Cursos reconhecidos e autorizados pelo MEC, com qualidade garantida e diploma v√°lido em todo o Brasil. √â ensino s√©rio, confi√°vel e com foco no que realmente importa.

![](https://dp828as6rrq5m.cloudfront.net/wp-content/uploads/2025/08/06164059/img-69.webp)

**Tecnologia que impulsiona seu aprendizado**

Do plano de estudos √† revis√£o com IA, tudo aqui √© automatizado pra facilitar sua vida. Com app, chat de apoio e plataforma simples, voc√™ foca no que realmente importa.

![](https://dp828as6rrq5m.cloudfront.net/wp-content/uploads/2025/08/06164829/img-73.webp)

**Professores que ensinam com did√°tica e experi√™ncia**

Aqui voc√™ aprende com professores que dominam o conte√∫do e a c√¢mera. S√£o leves no cursinho, pr√°ticos na gradua√ß√£o e experts na p√≥s. A aula flui ‚Äî e o aprendizado acontece.

![](https://dp828as6rrq5m.cloudfront.net/wp-content/uploads/2025/08/06165008/img-74.webp)

**Conte√∫dos completos em v√≠deos de 5 a 8 minutos**

Nada de enrola√ß√£o. Aqui o conte√∫do √© claro, bem explicado e pensado pra voc√™ aprender mais r√°pido. Do b√°sico ao avan√ßado, a gente te acompanha em cada etapa.

![](https://dp828as6rrq5m.cloudfront.net/wp-content/uploads/2025/08/06165025/img-75.webp)

**Foco em empregabilidade e na sua carreira**

Trilhas pr√°ticas, microcertificados, projetos reais e professores de mercado. Tudo pensado pra te preparar de verdade pra sua √°rea de atua√ß√£o e abrir novas oportunidades.

Next

## Perguntas Frequentes

O que √© a Descomplica?

Voc√™ sabia que a Descomplica √© a maior plataforma de ensino online do Brasil? Isso mesmo! E o melhor √© que estamos ao lado dos alunos desde a √©poca do vestibular at√© a p√≥s-gradua√ß√£o. Contamos com uma equipe incr√≠vel de professores e colaboradores focados no sucesso dos alunos. Nossa hist√≥ria come√ßou em 2011, com ensino para cursinho pr√©-vestibular online. Depois, fomos s√≥ conquistando cada vez mais alunos e ampliando nossa √°rea de atua√ß√£o.

O que a Descomplica oferece?

A Descomplica √© uma plataforma completa de ensino online. Por isso, oferecemos cursinhos pr√©-vestibular, preparat√≥rio para o encceja, faculdade, p√≥s-gradua√ß√£o, cursos livres, prepara√ß√£o para concursos e cursos destinados a empresas. O melhor de tudo √© que nossa faculdade e cursos de p√≥s-gradua√ß√£o s√£o destaques no Minist√©rio da Educa√ß√£o (MEC). Com isso, voc√™ pode usar seu certificado ou diploma numa boa!

Os cursos na Descomplica s√£o 100% online?

Sim!

Todos os nossos cursos s√£o oferecidos na modalidade online. Desde a nossa funda√ß√£o, acreditamos que levar flexibilidade e praticidade √† rotina dos alunos √© o segredo para ter resultados melhores e acesso igualit√°rio √†s oportunidades. Por isso, mesmo quem trabalha ou tem compromissos que o impedem de ir at√© a sala de aula podem fazer os cursos da Descomplica, acess√≠veis de qualquer lugar, a qualquer hora!

A Descomplica √© boa?

√â comum que um estudante tenha d√∫vidas sobre a Descomplica antes de se matricular em um cursinho pr√©-vestibular, gradua√ß√£o ou em outro tipo de curso. Pra te provar que a Descomplica √© confi√°vel e 100% segura, podemos come√ßar dizendo que somos autorizados pelo MEC e que nossos cursos s√£o destaques. Sabia que somos a maior plataforma de ensino online do Brasil? Pois √©! Diversos estudantes j√° tiveram √≥timas experi√™ncias com a gente. Pra voc√™ ter no√ß√£o, 613 √© m√©dia da nota dos nossos alunos e alunas no Enem, 785 √© m√©dia da nota dos nossos estudantes especificamente em Reda√ß√£o e 9,5 √© a m√©dia da avalia√ß√£o dos nossos professores. Hoje, recebemos milhares de visitantes mensais no nosso site. Em 2016, realizamos a maior aula online ao vivo do mundo: foram mais de 1,2 milh√£o de estudantes nos assistindo √†s v√©speras do Enem!

A Descomplica √© confi√°vel?

Uma das premissas da Descomplica √© despertar a vontade de estudar em milhares de pessoas. Isso porque acreditamos que a educa√ß√£o tem um impacto capaz de reduzir a desigualdade e melhorar a vida dos brasileiros. Quando os estudantes se perguntam se a Descomplica √© confi√°vel, a gente pode trazer uma s√©rie de dados que confirmam nossa seriedade, incluindo a m√©dia dos nossos alunos no Enem e o fato de os nossos cursos serem autorizados pelo Minist√©rio da Educa√ß√£o, o MEC. Outra coisa legal √© que, em 2020, entramos na lista do F√≥rum Econ√¥mico Mundial, que elenca as empresas de tecnologia pioneiras no mundo! Muito maneiro, n√©?

Como funciona a Descomplica?

A Descomplica √© o lugar perfeito pra quem tem sede de conhecimento e quer investir na melhor forma√ß√£o para sua vida e carreira. A gente come√ßa com os cursinhos para vestibular online, que s√£o perfeitos pra quem vai prestar o Enem e precisa de uma super for√ßa. Depois, temos cursos de gradua√ß√£o e p√≥s-gradua√ß√£o (autorizados pelo MEC), al√©m de cursos livres e orienta√ß√µes para empresas. Qual √© a sua necessidade? Se for sede de conhecimento e aprendizagem, a gente tem!

Quais cursos online a Descomplica tem?

A Descomplica tem [planos de cursinho online](https://descomplica.com.br/#Planos) para quem vai prestar o Enem, al√©m dos cursos de gradua√ß√£o, p√≥s e cursos livres. Quem vai prestar o Enem e quer cursinho online tem nossos planos B√°sico, TOP e voltado a Medicina, com conte√∫do espec√≠fico para quem deseja cursar uma das faculdades mais concorridas. Se a sua vontade for cursar uma gradua√ß√£o online, a gente tem v√°rios cursos tamb√©m! Eles est√£o inseridos nas √°reas de Educa√ß√£o, Engenharia, Gest√£o e Tecnologia. Na p√≥s-gradua√ß√£o, a Descomplica tem cursos voltados √†s √°reas de Direito, Gest√£o, Tecnologia, Educa√ß√£o, Marketing e Comunica√ß√£o, Engenharia e Sa√∫de. Se a sua necessidade for dar aquele g√°s no curr√≠culo, venha fazer nossos cursos livres! Temos cursos de Habilidades Socioemocionais, Marketing e Empreendedorismo, al√©m de Soft Skills, Gest√£o e Lideran√ßa. Educa√ß√£o Empresarial? A gente tem tamb√©m! Temos mais de 300 diferentes programas de desenvolvimento para os seus colaboradores nas √°reas de Gest√£o, Tecnologia, Marketing, Direito e Contabilidade com os melhores professores do mercado! Ah, tamb√©m oferecemos um preparat√≥rio para o Encceja!

A plataforma Descomplica √© boa?

Uma das principais dificuldades dos estudantes que est√£o buscando ensino online √© se adaptar √† plataforma, n√£o √© mesmo? Isso porque √© fundamental que ela ofere√ßa conte√∫do completo, f√°cil de acessar e sem complica√ß√£o. Pode perguntar pra qualquer aluno nosso: a plataforma Descomplica √© super f√°cil de usar, pode ser acessada quando e de onde voc√™ estiver e, al√©m disso, oferecemos suporte total para nossos estudantes. Pode vir que √© sucesso!

Por que escolher a Descomplica?

Em nossa hist√≥ria, mais de um milh√£o e meio de alunos j√° fizeram nosso cursinho online para o Enem. √â um baita n√∫mero, n√£o acha? E ele comprova nossa seriedade em rela√ß√£o √† qualidade do nosso ensino, seja ele para vestibular, gradua√ß√£o, p√≥s ou cursos livres. Al√©m de sermos autorizados pelo MEC, temos professores altamente qualificados, que ensinam de forma divertida e com cronogramas voltados √† sua necessidade. Temos muitas t√©cnicas de estudos e macetes pra voc√™ aprender da melhor forma. Outra vantagem √© que voc√™ pode assistir √† mesma aula quantas vezes quiser, at√© entender a disciplina. E tudo isso de onde estiver, a qualquer hora!

Como √© o atendimento ao aluno na Descomplica?

Nosso atendimento √© 100% digital e funciona de segunda a sexta, das 9h √†s 19h. Os alunos contam com um chat na plataforma de estudos, onde a solicita√ß√£o √© triada e, se necess√°rio, encaminhada para um especialista humano. Caso o problema n√£o seja resolvido no chat, geramos um ticket para que voc√™ acompanhe o andamento diretamente na plataforma.

Como entro em contato com voc√™s?

√â simples! Alunos podem acessar o chat diretamente na plataforma de estudos clicando no √≠cone redondo que fica no canto inferior direito. Se voc√™ n√£o √© aluno ou est√° com problemas de acesso, basta nos procurar no Instagram, enviando uma DM para o nosso perfil [@descomplicafaculdade](https://www.instagram.com/descomplicafaculdade/).

![Ilustra√ß√£o](https://descomplica.com.br/)

Enviar\*Campos obrigat√≥rios",2025-09-06T18:04:14.294640
2025-09-06T18:03:55.558831,Mature,Medium,175,,"EdTech, Education, Financial Services, FinTech",5,5f75021021051f00bef4aceb,2025-09-06T18:03:55.558845,[],Early Stage Venture,"Educbank EdTech, Education, Financial Services, FinTech LatAm's first K-12 fintech S√£o Paulo, Sao Paulo, Brazil Consentimento do uso de Cookies

Este site usa cookies e dados pessoais para sua melhor experi√™ncia de navega√ß√£o de acordo com as nossas [Pol√≠ticas de Privacidade](https://educbank.com.br/protecao-de-dados/)¬†e, ao continuar navegando neste site, voc√™ declara estar ciente dessas condi√ß√µes.

FuncionalFuncional
Sempre ativo

O armazenamento ou acesso t√©cnico √© estritamente necess√°rio para a finalidade leg√≠tima de permitir a utiliza√ß√£o de um servi√ßo espec√≠fico explicitamente solicitado pelo assinant",79200000,Educbank,2020,company_002,"S√£o Paulo, Sao Paulo, Brazil",https://www.linkedin.com/company/educbank/,"['apollo', 'firecrawl']",http://www.educbank.com.br,LatAm's first K-12 fintech,"Consentimento do uso de Cookies

Este site usa cookies e dados pessoais para sua melhor experi√™ncia de navega√ß√£o de acordo com as nossas [Pol√≠ticas de Privacidade](https://educbank.com.br/protecao-de-dados/)¬†e, ao continuar navegando neste site, voc√™ declara estar ciente dessas condi√ß√µes.

FuncionalFuncional
Sempre ativo

O armazenamento ou acesso t√©cnico √© estritamente necess√°rio para a finalidade leg√≠tima de permitir a utiliza√ß√£o de um servi√ßo espec√≠fico explicitamente solicitado pelo assinante ou utilizador, ou com a finalidade exclusiva de efetuar a transmiss√£o de uma comunica√ß√£o atrav√©s de uma rede de comunica√ß√µes eletr√≥nicas.

PreferencesPreferences

The technical storage or access is necessary for the legitimate purpose of storing preferences that are not requested by the subscriber or user.

Estat√≠sticasEstat√≠sticas

O armazenamento ou acesso t√©cnico que √© usado exclusivamente para fins estat√≠sticos.The technical storage or access that is used exclusively for anonymous statistical purposes. Without a subpoena, voluntary compliance on the part of your Internet Service Provider, or additional records from a third party, information stored or retrieved for this purpose alone cannot usually be used to identify you.

MarketingMarketing

O armazenamento ou acesso t√©cnico √© necess√°rio para criar perfis de usu√°rio para enviar publicidade ou para rastrear o usu√°rio em um site ou em v√°rios sites para fins de marketing semelhantes.

[Gerenciar op√ß√µes](https://educbank.com.br/protecao-de-dados/#cmplz-manage-consent-container) [Gerenciar servi√ßos](https://educbank.com.br/protecao-de-dados/#cmplz-cookies-overview) [Manage {vendor\_count} vendors](https://educbank.com.br/protecao-de-dados/#cmplz-tcf-wrapper) [Leia mais sobre esses prop√≥sitos](https://cookiedatabase.org/tcf/purposes/)

AceitarNegarVer prefer√™nciasSalvar prefer√™ncias [Ver prefer√™ncias](https://educbank.com.br/protecao-de-dados/#cmplz-manage-consent-container)

[Pol√≠tica de Cookies](https://educbank.com.br/protecao-de-dados/) [Declara√ß√£o de Privacidade](https://educbank.com.br/protecao-de-dados/) [{title}](https://educbank.com.br/#)

 [Skip to content](https://educbank.com.br/#content)

Inova√ß√£o financeira que acelera sua escola.

# Seu neg√≥cio √© Educa√ß√£o.  O nosso √© garantir que sua Escola Cres√ßa.

## A principal plataforma de gest√£o financeira escolar da Am√©rica Latina.

Seguran√ßa, previsibilidade e Receita Garantida o ano todo.

[Quero ser uma escola apoiada](https://educbank.com.br/#elementor-action%3Aaction%3Dpopup%3Aopen%26settings%3DeyJpZCI6IjM2NjciLCJ0b2dnbGUiOmZhbHNlfQ%3D%3D)

### +500

escolas em todo o Brasil j√° possuem Receita Garantida todos os meses.

Nenhuma escola fica para tr√°s

# Seu neg√≥cio √© Educa√ß√£o.  O nosso √© garantir que sua Escola Cres√ßa.

## A principal plataforma de gest√£o financeira escolar da Am√©rica Latina.

Seguran√ßa, previsibilidade e Receita Garantida o ano todo.

[Quero ser uma escola apoiada](https://educbank.com.br/#elementor-action%3Aaction%3Dpopup%3Aopen%26settings%3DeyJpZCI6IjM2NjciLCJ0b2dnbGUiOmZhbHNlfQ%3D%3D)

### +500

escolas em todo o Brasil j√° possuem Receita Garantida todos os meses.

![Celular com calend√°rio e sinal positivo na tela.](data:image/svg+xml,%3Csvg%20xmlns='http://www.w3.org/2000/svg'%20viewBox='0%200%201224%20751'%3E%3C/svg%3E)

## Sua escola  com Receita Garantida todos os meses

### O atraso na mensalidade n√£o pode atrasar o crescimento da sua escola.

Com o apoio do Educbank, voc√™ recebe o valor integral de todas as mensalidades o ano inteiro e tem acesso a um amplo sistema de apoio financeiro para desenvolver todo o potencial da sua escola.

## Rela√ß√£o assegurada entre escolas e fam√≠lias.

### Este relacionamento √© pe√ßa-chave para o sucesso da sua institui√ß√£o.

Por isso, **n√£o fazemos nenhum tipo de contato, interfer√™ncia ou cobran√ßa**¬†junto aos estudantes ou respons√°veis financeiros.

![Fam√≠lia afro-descendente na cozinha preparando filhos para escola.](data:image/svg+xml,%3Csvg%20xmlns='http://www.w3.org/2000/svg'%20viewBox='0%200%201224%20751'%3E%3C/svg%3E)

## Incentivo¬†√† tecnologia e inova√ß√£o.

O Educbank possui parcerias exclusivas e estrat√©gicas com as melhores e mais atualizadas tecnologias internacionais, patrocinando e oferecendo os mais modernos sistemas, softwares e plataformas de gest√£o para a sua escola.

![Mesa de laborat√≥rio tecnol√≥gico de escola fundamental.](data:image/svg+xml,%3Csvg%20xmlns='http://www.w3.org/2000/svg'%20viewBox='0%200%201224%20751'%3E%3C/svg%3E)

![](data:image/svg+xml,%3Csvg%20xmlns='http://www.w3.org/2000/svg'%20viewBox='0%200%201224%20751'%3E%3C/svg%3E)

## Tranquilidade e or√ßamento para investir.

### A inadimpl√™ncia e a gest√£o financeira ocupam mais de 50% do tempo do gestor escolar.

N√≥s investimos na sua escola para que voc√™ tenha seguran√ßa financeira e or√ßamento para investir naquilo que realmente importa: os projetos estrat√©gicos, qualidade acad√™mica e expans√£o da sua rede de escolas.

Educbank:

## Educa√ß√£o √© da nossa conta.

[Quero ser uma escola apoiada](https://educbank.com.br/#elementor-action%3Aaction%3Dpopup%3Aopen%26settings%3DeyJpZCI6IjM2NjciLCJ0b2dnbGUiOmZhbHNlfQ%3D%3D)

![Foto de uma escola vista de cima.](data:image/svg+xml,%3Csvg%20xmlns='http://www.w3.org/2000/svg'%20viewBox='0%200%201296%20729'%3E%3C/svg%3E)

![Vagner Sacchetti. Mantenedor do Col√©gio Integra√ß√£o](data:image/svg+xml,%3Csvg%20xmlns='http://www.w3.org/2000/svg'%20viewBox='0%200%20648%20365'%3E%3C/svg%3E)

### Vagner Sacchetti

Mantenedor do Col√©gio Integra√ß√£o

![Carolina Carvalho. Mantenedora do Col√©gio Santa M√¥nica](data:image/svg+xml,%3Csvg%20xmlns='http://www.w3.org/2000/svg'%20viewBox='0%200%20648%20365'%3E%3C/svg%3E)

### Carolina Carvalho

Mantenedora do Col√©gio Santa M√¥nica

![Ren√© Ximenis. Mantenedor do Col√©gio Mundo Verde](data:image/svg+xml,%3Csvg%20xmlns='http://www.w3.org/2000/svg'%20viewBox='0%200%20648%20365'%3E%3C/svg%3E)

### Ren√© Ximenis

Mantenedor do Col√©gio Mundo Verde

## O que dizem¬†as escolas apoiadas pelo Educbank.

![](data:image/svg+xml,%3Csvg%20xmlns='http://www.w3.org/2000/svg'%20viewBox='0%200%20150%2075'%3E%3C/svg%3E)

## Instituto Educbank de Educa√ß√£o e Cultura.

### Facilitamos o acesso da gest√£o escolar a debates e metodologias que ampliam a qualidade da educa√ß√£o.

Conhe√ßa o espa√ßo que combina a pesquisa e a pr√°tica para transformar a educa√ß√£o b√°sica brasileira em refer√™ncia mundial.

[Quero acessar o Instituto](https://educbank.com.br/instituto/)

[![Reprodutor de podcasts.](data:image/svg+xml,%3Csvg%20xmlns='http://www.w3.org/2000/svg'%20viewBox='0%200%20700%20460'%3E%3C/svg%3E)\\
\\
**Podcasts.**\\
\\
Ou√ßa agora os epis√≥dios dos podcasts que abordam os assuntos mais importantes do cen√°rio acad√™mico.](https://educbank.com.br/podcast/)

[![Laptop com resultados de pesquisa na tela.](data:image/svg+xml,%3Csvg%20xmlns='http://www.w3.org/2000/svg'%20viewBox='0%200%20700%20460'%3E%3C/svg%3E)\\
\\
**Pesquisas.**\\
\\
Acesse nossas pesquisas mais recentes e acompanhe os indicadores e perspectivas que norteiam a educa√ß√£o brasileira.](https://educbank.com.br/pesquisas/)

[![Livro em cima da mesa.](data:image/svg+xml,%3Csvg%20xmlns='http://www.w3.org/2000/svg'%20viewBox='0%200%20700%20460'%3E%3C/svg%3E)\\
\\
**Livros.**\\
\\
Edi√ß√µes publicadas pelo Instituto, re√∫nem reflex√µes de especialistas com relev√¢ncia nacional sobre o panorama da educa√ß√£o.](https://educbank.com.br/livros/)

[![Grupo de pessoas em uma biblioteca comemorando.](data:image/svg+xml,%3Csvg%20xmlns='http://www.w3.org/2000/svg'%20viewBox='0%200%20700%20460'%3E%3C/svg%3E)\\
\\
**Pr√™mios.**\\
\\
Reconhecemos e homenageamos diretores(as) e mantenedores(as) que desenvolveram projetos para a melhoria da Educa√ß√£o B√°sica no Brasil.](https://educbank.com.br/premios/)

[![M√£os conectadas de punhos fechados.](data:image/svg+xml,%3Csvg%20xmlns='http://www.w3.org/2000/svg'%20viewBox='0%200%20700%20460'%3E%3C/svg%3E)\\
\\
**Instituto Educbank.**\\
\\
O espa√ßo para educadores que re√∫ne pesquisa e pr√°tica para transformar a educa√ß√£o do Brasil.](https://educbank.com.br/instituto)

## Imagine o que voc√™ faria na sua escola se soubesse exatamente quando e quanto ir√° receber mensalmente?

O que voc√™ est√° deixando de fazer, todos os meses, por n√£o ter essa seguran√ßa e previsibilidade financeira?

[Quero ser uma escola apoiada](https://educbank.com.br/#elementor-action%3Aaction%3Dpopup%3Aopen%26settings%3DeyJpZCI6IjM2NjciLCJ0b2dnbGUiOmZhbHNlfQ%3D%3D)

![](data:image/svg+xml,%3Csvg%20xmlns='http://www.w3.org/2000/svg'%20viewBox='0%200%2064%2048'%3E%3C/svg%3E)

S√≥ quem √© ‚Äî ou foi ‚Äî dono de escola, sabe o que √© n√£o ter previsibilidade sobre o caixa e ter que dedicar sua energia para quest√µes como a inadimpl√™ncia, ao inv√©s de desenvolver suas escolas.

![Foto de Danilo Costa. Homem branco de cabelos e olhos castanhos, camisa polo azul marinho com logo do Educbank.](data:image/svg+xml,%3Csvg%20xmlns='http://www.w3.org/2000/svg'%20viewBox='0%200%20400%20400'%3E%3C/svg%3E)

### **Danilo Costa**

Ex-mantenedor e fundador do Educbank

## Voc√™ pode estar se perguntando...

### Qual √© a taxa do Educbank?

O Educbank entende que cada escola possui perfis e necessidades diferentes. Em respeito a isso, nossas taxas s√£o negociadas individualmente e prezam pelo bem-estar financeiro de cada institui√ß√£o.

### Existe uma quantidade m√≠nima de estudantes para ser uma escola apoiada?

O apoio financeiro do Educbank √© destinado a escolas de educa√ß√£o b√°sica com ao menos 100 estudantes matriculados.

### O Educbank continuar√° apoiando a minha escola em 5, 10 anos?

A rela√ß√£o da escola com o Educbank √© de longo prazo e o nosso apoio √© renovado todos os anos, salvo em caso de m√° f√© ou fraude por parte da escola.

### No caso de evas√£o do estudante inadimplente, quem assume essa divida?

O Educbank corre o risco pela escola. Ou seja, no caso de evas√£o de estudantes com inadimpl√™ncia, essa perda √© do Educbank.

### Vale a pena mesmo para escolas com inadimpl√™ncia muito baixa?

**Sim.**

A taxa √© calculada de acordo com o perfil da escola. Portanto, uma escola com inadimpl√™ncia baixa ter√° uma taxa atrativa junto ao Educbank.

Com esse apoio financeiro, a escola passa a ter previsibilidade, estabilidade e seguran√ßa, recebendo todos os meses. Isso permite acertar o caixa, ter um planejamento estrat√©gico a longo prazo e tornar real projetos antigos, como reformas, expans√£o, materiais novos e outras melhorias.

### Como ser uma escola apoiada pelo Educbank?

O primeiro passo do nosso processo seletivo √© [clicar aqui](https://educbank.com.br/solucao-inadimplencia-zero/) e fazer sua inscri√ß√£o. Ap√≥s isso, entraremos em contato e sua escola passar√° por an√°lise de dados.

Caso aprovada, sua institui√ß√£o ser√° apoiada financeiramente pelo Educbank.

[Quero ser uma escola apoiada](https://educbank.com.br/#elementor-action%3Aaction%3Dpopup%3Aopen%26settings%3DeyJpZCI6IjM2NjciLCJ0b2dnbGUiOmZhbHNlfQ%3D%3D)

## O Educbank seleciona escolas de alto potencial, para que elas transformem a educa√ß√£o do Brasil.

Seja uma escola apoiada e conquiste a seguran√ßa e previsibilidade financeira que as melhores escolas do Brasil utilizam para crescer.

[Quero ser uma escola apoiada](https://educbank.com.br/#elementor-action%3Aaction%3Dpopup%3Aopen%26settings%3DeyJpZCI6IjM2NjciLCJ0b2dnbGUiOmZhbHNlfQ%3D%3D)

![Logo_Educbank_branco](data:image/svg+xml,%3Csvg%20xmlns='http://www.w3.org/2000/svg'%20viewBox='0%200%201%201'%3E%3C/svg%3E)

**SUPORTE ESCOLAS**

(11) 97666-9222

suporte@educbank.com.br

**SUPORTE FAMILIAS**

(11) 99371-1185

suporte.familias@educbank.com.br

**FALE COM O DPO:**

dpo@educbank.com.br

Marcella Amado Schiavon ‚Äì (11) 97696-1396

![D_64f7535dd04f7800195e395d](data:image/svg+xml,%3Csvg%20xmlns='http://www.w3.org/2000/svg'%20viewBox='0%200%201%201'%3E%3C/svg%3E)

[Facebook](https://www.facebook.com/educbank/)[Instagram](https://www.instagram.com/educbank)[Linkedin](https://br.linkedin.com/company/educbank)[Youtube](https://www.youtube.com/channel/UCKfa71fS94BO0aORJ3LsUOg)

[Prote√ß√£o de Dados](https://educbank.com.br/protecao-de-dados)

[C√≥digo de √âtica e Conduta](https://educbank.com.br/wp-content/uploads/2025/09/CODIGO-DE-ETICA-E-CONDUTA-EDUCBANK.pdf?x42708)

¬© Educbank. Todos os Direitos Reservados.‚Äã

Gerenciar cookies",2025-09-06T18:04:02.970854
2025-09-06T18:03:44.689401,Mature,Large,7500,,"E-Learning, EdTech, Education",26,5f88d21083e8a000dcf416c8,2025-09-06T18:03:44.689408,[],IPO,"Vitru E-Learning, EdTech, Education Vitru provides online and tutored post-secondary education services in Brazil. Florian√≥polis, Santa Catarina, Brazil",55766228,Vitru,1999,company_001,"Florian√≥polis, Santa Catarina, Brazil",https://www.linkedin.com/company/vitrueducation/,['apollo'],https://vitru.com.br/,Vitru provides online and tutored post-secondary education services in Brazil.,,
